application_id,job_id,candidate_name,application_date,stage,hired_employee_id
1,9,Patricia Le,2025-02-17,Offer,
2,9,Jesse Perez,2024-02-23,Applied,
3,6,Jesse Perry,2025-01-06,Interview,
4,7,Jeffery Ortega,2024-06-05,Interview,
5,6,Christian Leblanc,2025-05-29,Interview,
6,14,Ronald Davis,2024-03-03,Hired,7
7,1,Parker Cain,2025-08-16,Interview,
8,14,Laurie Hoffman,2024-02-18,Applied,
9,17,Bryan Gomez,2024-11-07,Applied,
10,10,Nicole Parrish,2024-08-07,Interview,
11,28,Tracy Burke,2023-08-08,Interview,
12,17,Kenneth Lewis,2025-04-04,Applied,
13,21,Courtney Rodriguez,2025-12-19,Applied,
14,13,Holly Farmer,2024-11-22,Applied,
15,6,Renee Bruce,2025-04-28,Interview,
16,16,Sabrina Austin,2025-10-07,Applied,
17,26,Allison Hickman,2026-01-12,Hired,21
18,19,Debra White,2025-03-11,Applied,
19,5,Ellen Morgan,2024-12-03,Interview,
20,1,Sergio Knight,2024-02-02,Hired,167
21,16,Charles Schultz,2025-08-16,Rejected,
22,23,Paul Lewis,2026-02-03,Hired,198
23,9,Glen Wood,2025-05-28,Offer,
24,22,Paula Bradley,2025-04-30,Rejected,
25,19,Anthony Moore,2025-05-29,Rejected,
26,16,Megan Nelson,2024-03-08,Rejected,
27,11,Karla Ramos,2024-05-24,Interview,
28,6,Paul Wilson,2024-09-09,Hired,177
29,5,Douglas Gregory,2025-02-10,Hired,1
30,29,Mr. Andrew Foster,2025-03-24,Applied,
31,9,Aimee Turner,2023-07-19,Interview,
32,25,Chad Scott,2025-05-21,Applied,
33,25,Adam Burgess,2026-01-06,Offer,
34,3,James Padilla,2024-10-31,Interview,
35,25,Sandra Drake,2026-01-05,Interview,
36,11,Scott Williams,2024-12-09,Applied,
37,7,Thomas Atkins,2025-03-19,Applied,
38,24,Laura Mckinney,2025-12-30,Interview,
39,23,Brian Smith,2024-07-07,Rejected,
40,30,Robert Montgomery,2026-04-25,Applied,
41,12,Tamara Davis,2023-08-03,Rejected,
42,23,Dana Chapman,2025-06-08,Applied,
43,14,Jennifer Collins,2025-04-10,Applied,
44,12,Gary Jackson,2024-10-18,Offer,
45,16,Ashley Hicks,2023-11-04,Applied,
46,20,Hannah Luna,2024-12-17,Applied,
47,22,Robin Young,2024-07-30,Interview,
48,3,Craig Morrison,2023-09-04,Hired,50
49,28,Mary Thompson,2025-11-30,Applied,
50,26,Kathleen Webster,2024-01-07,Applied,
51,16,Joann Glass,2025-01-07,Hired,85
52,22,Madison Weber,2024-03-07,Rejected,
53,12,Lori Hernandez,2026-01-24,Interview,
54,8,Jeremy Turner,2023-09-06,Interview,
55,15,Anthony Romero,2026-02-19,Rejected,
56,11,Jesse Brown,2025-04-26,Offer,
57,7,Angela Lin,2024-09-04,Rejected,
58,20,Lisa Hunter,2024-03-30,Interview,
59,24,Julian Conner,2024-05-04,Interview,
60,20,Joanna Pacheco,2024-10-22,Rejected,
61,28,Erica Alvarez,2025-09-24,Hired,115
62,27,Antonio Garcia,2025-07-01,Hired,170
63,8,Gwendolyn Klein,2026-01-17,Rejected,
64,22,Carrie Wright,2025-12-17,Rejected,
65,27,Jeffrey Mills,2025-09-25,Hired,192
66,30,Jake Campbell,2023-08-01,Offer,
67,28,George Harper,2024-06-22,Applied,
68,18,Maria Jones,2025-05-01,Rejected,
69,19,Michael Mitchell,2024-04-30,Interview,
70,1,Mary Escobar,2024-06-18,Interview,
71,2,Felicia Aguilar,2023-07-03,Interview,
72,28,Gregory Ponce,2024-08-21,Applied,
73,28,Jenna Larson,2025-04-28,Rejected,
74,28,Emily Bennett,2025-03-26,Offer,
75,12,Robin Santiago,2024-01-14,Interview,
76,20,Nancy Jennings,2025-01-30,Applied,
77,9,Maria Henderson,2024-02-24,Rejected,
78,6,Jack White,2024-10-18,Rejected,
79,27,Travis Tucker,2024-11-22,Applied,
80,16,Chad Jones,2026-03-05,Applied,
81,25,Ashley Wise,2025-08-28,Applied,
82,24,Sophia Johnson,2025-07-26,Applied,
83,13,Ralph Anderson,2026-05-30,Interview,
84,18,Christopher Guerra,2025-09-02,Interview,
85,1,Rhonda Martin,2024-09-09,Applied,
86,12,Jason Rhodes,2023-11-03,Interview,
87,22,Jeremy Mitchell,2025-05-11,Offer,
88,16,Joann Ferguson,2024-08-14,Rejected,
89,13,Robert Harrison,2025-12-30,Rejected,
90,14,Holly Valentine,2025-09-13,Offer,
91,7,Mrs. Diane Reyes,2025-02-01,Interview,
92,6,Tracy Montoya,2023-07-12,Interview,
93,5,Brenda Wright,2025-11-16,Applied,
94,11,Shelly Spencer,2026-03-15,Applied,
95,8,Ryan Rosales,2026-05-08,Applied,
96,8,Phillip Nelson,2025-01-15,Applied,
97,3,Brittany Kim,2025-07-25,Applied,
98,2,Courtney Hayes,2023-12-04,Interview,
99,13,Alexander Brown,2024-01-07,Applied,
100,10,Cynthia Vang,2026-01-15,Interview,
101,28,Alfred Galvan,2024-01-22,Rejected,
102,12,Marie Moody,2023-10-08,Interview,
103,2,Dustin Gallegos,2026-01-08,Applied,
104,4,Brenda Thornton,2025-05-26,Applied,
105,10,Aaron Miller,2026-02-19,Hired,180
106,12,Ruben Dunn,2024-05-09,Rejected,
107,29,Kelsey Rodriguez,2025-05-30,Rejected,
108,21,Eric Williams,2023-12-02,Applied,
109,3,Riley Bryant,2025-12-31,Rejected,
110,4,Taylor Carlson,2023-08-06,Hired,12
111,6,Jose Allen,2025-04-02,Applied,
112,21,Jeffrey Mendez,2023-12-22,Applied,
113,23,Jason Beck,2023-10-24,Applied,
114,9,William Jones,2025-07-19,Interview,
115,6,Katie Mcneil,2026-01-26,Rejected,
116,25,Jeanette Harrison,2024-12-26,Applied,
117,2,Veronica King,2025-11-25,Applied,
118,1,Richard Cooper,2025-04-13,Applied,
119,21,Lori Ingram,2025-07-17,Interview,
120,3,Evelyn Williams,2023-08-18,Interview,
121,7,Robin Thompson,2025-06-12,Rejected,
122,15,Julie Dominguez,2025-11-22,Applied,
123,8,Robin Brown,2025-08-12,Rejected,
124,8,Judith Carter,2023-08-27,Rejected,
125,7,Curtis Williams,2024-11-15,Applied,
126,14,Kaylee Hays,2025-02-14,Rejected,
127,9,Dawn Mullins,2025-07-31,Hired,2
128,26,Howard Norman,2024-07-26,Interview,
129,12,Evelyn Martinez,2023-10-06,Interview,
130,2,Steve Paul,2025-03-23,Offer,
131,8,Jasmine Beltran,2025-07-03,Rejected,
132,7,Jonathan Glass MD,2025-02-17,Applied,
133,15,Monica Miller,2025-02-19,Applied,
134,4,Samantha Gardner,2026-02-16,Rejected,
135,28,Bobby Guerrero,2025-07-26,Rejected,
136,25,Lance Simmons,2024-08-06,Rejected,
137,14,Heather Williams,2024-03-22,Applied,
138,20,Heather Bolton,2025-02-11,Applied,
139,11,William Gould,2023-08-17,Applied,
140,10,Mark Cox,2025-04-16,Applied,
141,16,Meghan Cisneros,2025-07-23,Rejected,
142,19,Lawrence Harrington,2023-08-03,Applied,
143,9,Austin Osborne,2025-03-23,Interview,
144,7,James Bradley,2025-01-30,Applied,
145,21,Meghan Rush,2026-01-15,Applied,
146,17,Phillip Berry,2025-06-19,Applied,
147,20,Jennifer Banks,2025-02-26,Interview,
148,26,Brian Fitzgerald,2024-11-07,Rejected,
149,20,Mr. Justin Green III,2024-12-08,Applied,
150,20,Zachary Mitchell,2025-09-15,Hired,131
151,27,Katherine Martinez,2024-08-24,Applied,
152,10,Jodi Roach,2025-06-04,Rejected,
153,15,Brandon Fleming,2024-07-29,Offer,
154,17,Emma Reed,2026-05-21,Applied,
155,15,Joshua Vance,2025-06-27,Applied,
156,16,Michelle Ho,2024-10-10,Hired,118
157,10,Rebecca Hicks,2024-05-03,Applied,
158,21,Curtis Taylor,2025-03-07,Interview,
159,10,Allison Spencer,2025-01-26,Rejected,
160,22,Robert Arnold,2025-05-10,Hired,3
161,7,Angelica Parker,2025-07-30,Interview,
162,19,Dr. Kelly Hammond DVM,2025-08-15,Applied,
163,3,William Day,2026-04-11,Applied,
164,22,Michael Cooper,2025-11-08,Interview,
165,15,Penny Bowman,2025-01-17,Interview,
166,10,Vincent Reynolds,2024-04-20,Applied,
167,25,Amy Martinez,2024-12-20,Applied,
168,27,Christopher Morris,2024-10-25,Rejected,
169,12,Hannah Everett,2026-01-25,Interview,
170,28,Sarah King,2025-07-20,Applied,
171,23,Krista Martinez,2025-12-22,Rejected,
172,17,Joseph Shaw,2025-09-19,Applied,
173,25,Todd Moore,2026-06-01,Hired,37
174,3,Michelle Jacobs,2023-11-05,Interview,
175,3,Kristy Bryan,2024-12-13,Applied,
176,11,Angel May,2024-07-22,Interview,
177,11,Marilyn Wang,2025-12-21,Offer,
178,20,Mark Jimenez,2023-09-13,Rejected,
179,20,Donna Frye,2023-12-03,Interview,
180,11,Dr. Michael Evans,2025-10-30,Rejected,
181,20,Anthony Gonzales,2025-03-17,Applied,
182,20,Mr. Lawrence Edwards,2025-06-17,Applied,
183,28,Morgan Valencia,2026-01-21,Interview,
184,12,Bianca Wood,2026-05-31,Rejected,
185,1,Emma Owens,2024-09-25,Hired,181
186,27,David Davis,2025-06-03,Applied,
187,3,James Gilbert,2025-08-18,Applied,
188,6,Sean Moore,2026-01-24,Hired,166
189,27,Kenneth Edwards,2024-04-27,Applied,
190,11,Kathleen Robertson,2026-02-08,Interview,
191,28,Mr. Alexander Landry MD,2024-02-16,Rejected,
192,1,Cindy Gomez,2025-02-17,Offer,
193,18,Johnny Khan,2026-01-26,Offer,
194,19,Julie Herrera,2026-04-22,Interview,
195,29,Jessica Khan,2026-05-15,Applied,
196,5,Pamela Diaz,2025-09-15,Applied,
197,10,Kelly Lee,2025-10-02,Applied,
198,26,Angel Gordon,2025-08-11,Interview,
199,3,Diana Hays,2025-09-24,Applied,
200,10,Barbara Hester,2025-08-01,Rejected,
201,9,Robert Morgan,2024-11-23,Interview,
202,1,Nicole Gonzalez,2025-09-14,Interview,
203,16,Kathryn Williams,2024-02-18,Rejected,
204,23,Gary Wells,2026-05-22,Offer,
205,30,Larry Robertson,2026-01-06,Interview,
206,6,Louis Martin,2023-09-27,Rejected,
207,14,Nancy Evans MD,2024-12-30,Applied,
208,11,Kim Erickson,2024-01-21,Interview,
209,4,Robert Richardson,2023-07-24,Interview,
210,16,Veronica Silva,2024-03-13,Interview,
211,29,Molly Watts,2024-03-19,Applied,
212,21,John Coffey,2026-02-22,Applied,
213,4,Paula Lane,2026-06-07,Interview,
214,3,Lauren Jackson,2023-11-24,Hired,56
215,13,Lisa Randall,2025-06-19,Rejected,
216,14,Michael Johnson,2026-04-18,Applied,
217,1,Ashley Smith,2024-11-14,Applied,
218,25,Christian Vaughn,2026-05-16,Rejected,
219,24,Reginald Knapp,2023-08-21,Rejected,
220,5,Nancy Brown,2023-12-20,Hired,6
221,28,Daniel Nguyen,2023-10-23,Rejected,
222,15,Kelly Edwards,2025-08-15,Applied,
223,21,Thomas Peterson,2026-03-13,Interview,
224,1,Raymond Le,2023-09-29,Interview,
225,6,Melissa Bishop,2025-10-01,Offer,
226,18,David Grant,2024-10-19,Applied,
227,5,William Evans,2025-09-24,Applied,
228,28,Daniel Bush,2023-09-02,Interview,
229,17,Gregory Peck,2026-05-19,Rejected,
230,1,Denise Martinez,2026-03-18,Applied,
231,21,Jamie Baird,2024-11-19,Rejected,
232,27,Tina Ballard,2024-09-26,Applied,
233,9,Dwayne Klein,2024-12-16,Offer,
234,24,Jeremy Scott,2023-09-08,Interview,
235,9,Dale Ryan,2024-11-22,Applied,
236,11,Melissa Taylor,2025-12-22,Hired,76
237,22,Laurie Sanchez,2024-04-11,Applied,
238,20,Kiara Little,2025-03-05,Hired,71
239,17,Jason Love,2025-10-28,Interview,
240,5,Randy Smith,2024-02-04,Offer,
241,21,Tanya Russell,2025-01-28,Hired,32
242,20,Sherry Woods,2024-02-03,Hired,97
243,9,Victor Morris,2025-08-10,Rejected,
244,24,Susan Davis,2025-08-23,Applied,
245,20,Kimberly Sharp,2025-09-25,Applied,
246,20,Susan Thompson,2025-10-15,Applied,
247,15,Casey Gillespie,2025-05-09,Interview,
248,6,Jennifer Simpson DVM,2026-02-11,Rejected,
249,22,Tammy Mcdowell,2025-10-08,Applied,
250,15,Keith Rodriguez,2026-06-09,Rejected,
251,11,Mrs. Virginia Daniels,2024-03-09,Applied,
252,19,Todd Rosales MD,2025-06-08,Applied,
253,17,Brian Martin,2025-10-07,Rejected,
254,2,David Lopez,2024-05-09,Applied,
255,2,Rachel Bradley,2024-07-18,Applied,
256,22,Casey Chase,2026-02-08,Applied,
257,13,Samantha Robertson,2023-11-24,Applied,
258,26,Michael Lopez,2026-01-04,Hired,11
259,1,Franklin Wright,2023-12-07,Applied,
260,13,David Molina,2024-09-11,Interview,
261,8,Elizabeth Sharp,2025-06-30,Interview,
262,4,Matthew Schwartz,2023-09-21,Applied,
263,27,Bryan Parker,2023-12-28,Rejected,
264,16,Jonathan Jacobson,2026-04-30,Hired,128
265,13,Emily Wilson,2023-09-05,Applied,
266,30,Elizabeth Mendez,2026-02-08,Rejected,
267,5,Casey Hernandez,2024-08-14,Interview,
268,5,Lisa Perry,2025-03-18,Interview,
269,19,Kaitlin Medina,2023-12-12,Interview,
270,7,Colleen Wright,2023-11-06,Interview,
271,1,Shelley Miller,2024-02-23,Applied,
272,6,Michael Miller,2023-07-23,Interview,
273,16,Amy Kelley,2025-05-22,Applied,
274,22,Laura Hernandez,2025-06-17,Applied,
275,26,Joseph Wilson,2025-09-04,Applied,
276,1,Kevin Davis,2026-05-31,Applied,
277,13,Rhonda Chavez,2025-06-21,Hired,22
278,17,Joyce Brown,2025-02-06,Applied,
279,28,Robert Cummings,2026-04-06,Interview,
280,18,Robert Reese,2023-12-14,Rejected,
281,12,Amber Cooper,2023-07-05,Hired,61
282,17,Zachary Michael,2025-03-31,Rejected,
283,8,Timothy Johnson,2025-09-22,Hired,28
284,20,Randy Cannon,2023-09-22,Applied,
285,4,Maria Fisher,2023-12-19,Interview,
286,28,Janet Kane DVM,2025-02-06,Offer,
287,28,Michael Stanley,2024-08-07,Applied,
288,19,Martha Bailey,2023-08-03,Offer,
289,16,Joshua Rice,2024-06-02,Hired,96
290,6,Courtney Smith,2023-11-10,Interview,
291,13,Edwin Nunez,2025-10-06,Interview,
292,26,Kim Morrow,2026-01-24,Applied,
293,1,Gregory Hill,2025-03-21,Rejected,
294,9,Molly Rodriguez,2025-03-12,Applied,
295,27,Jennifer Miranda,2025-11-11,Rejected,
296,17,Alexis Harris,2025-06-12,Rejected,
297,25,Andrew Harper,2025-06-04,Rejected,
298,12,Amber Yang,2024-09-29,Applied,
299,5,David Robinson,2024-06-09,Offer,
300,29,Amy Gordon,2025-02-15,Rejected,
301,29,Robert Dennis,2025-10-22,Interview,
302,24,Kyle Chambers,2026-01-20,Rejected,
303,19,Eric Thomas,2024-09-05,Hired,173
304,30,Connie Turner,2024-08-29,Applied,
305,12,Travis Hobbs,2025-02-28,Applied,
306,23,Lori Simmons,2023-12-18,Applied,
307,14,William David DDS,2024-04-29,Applied,
308,23,Emma Butler,2024-01-28,Rejected,
309,29,James Webster,2025-09-26,Applied,
310,19,Samuel Turner,2025-11-23,Applied,
311,13,Renee Melendez,2025-06-14,Applied,
312,30,Tracy Grant,2026-05-29,Applied,
313,2,David Harris,2026-05-26,Rejected,
314,28,Tammy Boone,2026-06-02,Hired,122
315,19,Nathaniel Lee,2024-03-09,Applied,
316,22,Michael Morrison,2025-05-15,Rejected,
317,26,Chelsea Gill,2025-10-16,Applied,
318,6,Kristin Mendoza,2024-04-19,Rejected,
319,13,Felicia Krueger,2025-05-30,Applied,
320,20,Timothy Hayden,2023-10-17,Applied,
321,13,Zachary Mendoza,2023-11-09,Applied,
322,12,Larry Harris,2025-03-31,Applied,
323,25,Kristen Rowe,2025-08-15,Hired,55
324,11,Joseph Howard,2025-10-08,Applied,
325,11,Jose Crawford,2024-05-14,Interview,
326,6,William Harrison,2023-11-11,Rejected,
327,2,Suzanne Wood,2026-06-06,Interview,
328,16,Justin Walker,2023-08-27,Applied,
329,10,Dean Donovan,2025-12-23,Interview,
330,26,Jennifer Hernandez,2023-09-22,Interview,
331,2,James Whitaker,2023-08-06,Hired,127
332,4,Mr. Michael Scott PhD,2023-12-29,Interview,
333,17,Maria Henry,2025-03-26,Applied,
334,6,Robert Jackson,2023-07-19,Hired,152
335,22,Katherine Stark,2025-07-24,Offer,
336,1,Maria Brown,2024-09-08,Rejected,
337,14,Ryan Landry,2026-03-20,Applied,
338,6,Pamela Gutierrez,2024-12-12,Hired,160
339,7,Crystal Mann,2025-12-05,Applied,
340,18,Jonathan Brooks,2024-05-05,Rejected,
341,7,Mary Jensen,2025-01-10,Offer,
342,28,Mr. Aaron Arnold,2025-12-24,Applied,
343,19,Joseph Hill,2025-10-23,Hired,144
344,1,Alicia Li,2025-01-30,Applied,
345,11,Renee Browning,2025-11-05,Interview,
346,17,Brent Hernandez,2024-11-17,Hired,62
347,2,Joseph Ochoa,2025-01-30,Applied,
348,21,James Watson,2025-10-01,Applied,
349,16,Karl Branch,2026-01-12,Rejected,
350,7,Michael Abbott,2024-09-05,Rejected,
351,23,Shannon Malone,2026-03-24,Applied,
352,20,James Tran,2023-12-16,Interview,
353,24,Adam Jackson,2026-05-22,Hired,90
354,29,Mr. Richard Knight PhD,2024-05-22,Hired,140
355,29,Joseph Williams,2025-09-24,Applied,
356,30,Sean Clay,2025-09-12,Offer,
357,29,Anthony Jones,2025-05-17,Offer,
358,19,Stephanie Elliott,2025-04-20,Interview,
359,27,Timothy Edwards,2025-10-29,Applied,
360,4,Laurie Goodwin,2023-09-14,Rejected,
361,27,Jennifer Jones,2024-10-24,Interview,
362,10,David Davenport,2024-08-22,Interview,
363,11,Steven Rivera,2024-12-21,Hired,113
364,30,Brenda Hinton,2026-02-12,Interview,
365,18,Kathryn Mccann,2026-03-24,Applied,
366,22,Jeffrey Roberson,2025-12-11,Offer,
367,1,Randy Friedman,2026-02-19,Rejected,
368,30,Raymond Johnson,2025-08-27,Rejected,
369,9,Willie Henry,2025-02-05,Applied,
370,26,Todd Reynolds,2023-11-01,Applied,
371,6,Mary Miller,2024-12-16,Interview,
372,23,Rebecca Marquez,2026-05-17,Hired,183
373,9,Christian Dawson,2023-12-06,Rejected,
374,4,Nancy Stewart,2024-08-01,Applied,
375,5,Aaron Parker,2026-05-30,Rejected,
376,27,Derrick Anderson,2025-06-27,Applied,
377,11,Jerry Peters,2024-12-19,Interview,
378,28,Alexander Gomez,2023-11-15,Rejected,
379,21,Kyle Nguyen,2025-06-17,Interview,
380,16,Edgar Hughes,2024-05-29,Rejected,
381,30,Steven Stein,2023-10-26,Offer,
382,4,Laura Jackson,2024-05-01,Rejected,
383,9,Charles Turner,2026-03-01,Applied,
384,3,Arthur Hamilton MD,2024-09-21,Applied,
385,2,Mr. David Wright,2026-06-01,Rejected,
386,2,Linda Gonzalez,2026-03-30,Rejected,
387,26,Eric Rush,2024-11-02,Offer,
388,15,Manuel Brock,2024-03-13,Hired,159
389,20,George Ochoa,2024-02-09,Rejected,
390,11,Valerie Taylor,2026-03-21,Applied,
391,20,Travis Harris,2025-05-08,Applied,
392,29,Vincent Novak,2025-06-20,Interview,
393,15,Michael Henry,2024-10-09,Interview,
394,19,Dana Bennett,2025-09-14,Applied,
395,4,Jenna Wilson,2025-12-11,Offer,
396,2,Leslie Gardner,2025-05-12,Applied,
397,17,Krista Benton,2026-05-02,Hired,25
398,24,Michael Gonzales,2024-09-17,Interview,
399,6,Michael Fuentes,2024-05-07,Offer,
400,19,Jennifer Porter,2024-08-11,Applied,
