attendance_id,training_id,employee_id,attendance_date,completion_status
1,5,1,2023-08-30,No-show
2,2,2,2026-01-12,In Progress
3,8,4,2024-07-20,Completed
4,4,4,2026-01-07,In Progress
5,7,5,2026-03-09,Completed
6,10,5,2025-09-08,Completed
7,9,6,2023-07-15,Completed
8,4,6,2025-06-19,Completed
9,6,6,2024-02-22,In Progress
10,2,6,2023-08-18,In Progress
11,5,7,2026-03-14,Completed
12,7,7,2026-06-15,Completed
13,1,8,2025-08-20,Completed
14,7,9,2024-03-13,No-show
15,2,9,2024-11-22,Completed
16,1,9,2024-11-19,Completed
17,4,9,2026-01-24,Completed
18,2,10,2025-12-08,Completed
19,13,10,2024-03-01,Completed
20,5,10,2024-03-15,Completed
21,6,10,2026-04-08,Completed
22,13,12,2024-07-06,In Progress
23,4,12,2024-09-17,Completed
24,8,12,2026-04-08,Completed
25,8,14,2026-03-08,In Progress
26,5,14,2026-05-04,Completed
27,13,14,2026-05-22,Completed
28,8,15,2024-02-12,In Progress
29,1,15,2023-07-31,No-show
30,14,16,2026-05-01,Completed
31,10,16,2026-04-04,Completed
32,9,16,2026-04-07,Completed
33,9,17,2024-06-16,Completed
34,13,17,2023-08-12,In Progress
35,1,17,2026-02-19,Completed
36,7,17,2024-01-08,Completed
37,14,18,2026-06-03,Completed
38,6,18,2024-11-29,Completed
39,5,18,2026-03-10,Completed
40,3,18,2025-10-11,Completed
41,1,19,2026-03-24,Completed
42,5,19,2025-08-15,Completed
43,11,19,2025-01-09,Completed
44,6,19,2025-02-14,Completed
45,4,20,2025-06-24,Completed
46,6,21,2025-04-22,Completed
47,15,21,2026-05-04,Completed
48,11,21,2025-04-12,Completed
49,12,21,2025-09-26,Completed
50,11,23,2025-02-08,Completed
51,5,24,2026-06-13,Completed
52,11,24,2026-05-19,Completed
53,10,24,2026-06-08,Completed
54,8,24,2026-05-18,Completed
55,14,25,2026-04-16,In Progress
56,6,25,2026-02-22,Completed
57,15,25,2025-03-30,Completed
58,10,25,2026-01-17,Completed
59,5,27,2025-11-06,Completed
60,11,31,2025-12-15,Completed
61,9,31,2025-08-02,Completed
62,14,32,2025-01-23,No-show
63,1,32,2025-11-21,No-show
64,4,32,2023-11-14,Completed
65,10,33,2026-05-04,No-show
66,6,33,2025-06-27,In Progress
67,4,33,2025-01-08,No-show
68,11,33,2026-03-15,Completed
69,11,34,2026-05-15,Completed
70,3,34,2024-06-27,Completed
71,1,34,2025-07-04,Completed
72,13,34,2025-11-19,No-show
73,15,35,2026-05-21,Completed
74,6,35,2024-01-23,No-show
75,1,35,2025-05-14,In Progress
76,2,36,2025-10-05,In Progress
77,5,36,2025-07-21,Completed
78,14,36,2025-12-10,Completed
79,1,36,2026-04-18,Completed
80,10,38,2024-07-27,Completed
81,5,38,2026-05-31,In Progress
82,4,39,2025-02-05,Completed
83,1,40,2024-04-25,Completed
84,6,40,2024-11-22,Completed
85,9,40,2024-10-06,Completed
86,3,41,2026-05-07,No-show
87,2,41,2026-04-13,Completed
88,1,44,2026-06-17,Completed
89,8,44,2023-07-03,Completed
90,2,44,2025-12-25,In Progress
91,7,44,2024-09-05,Completed
92,5,45,2026-06-04,Completed
93,12,45,2025-03-27,Completed
94,4,46,2026-04-29,Completed
95,1,46,2026-01-16,Completed
96,6,46,2026-02-25,Completed
97,5,50,2024-06-11,Completed
98,12,50,2025-09-11,In Progress
99,15,50,2023-09-07,No-show
100,9,50,2025-10-23,Completed
101,3,51,2026-02-25,Completed
102,11,51,2026-05-27,Completed
103,3,52,2026-05-10,Completed
104,9,52,2026-03-24,Completed
105,12,53,2024-11-16,Completed
106,14,54,2024-11-16,Completed
107,1,54,2024-08-01,Completed
108,3,54,2025-08-04,Completed
109,8,54,2025-05-02,Completed
110,1,57,2024-06-03,Completed
111,7,57,2026-06-26,Completed
112,6,57,2025-12-15,Completed
113,14,58,2026-03-02,In Progress
114,3,58,2025-09-04,Completed
115,3,60,2025-03-07,Completed
116,9,60,2026-05-18,No-show
117,13,61,2025-11-30,In Progress
118,8,61,2025-01-10,In Progress
119,3,61,2023-09-01,Completed
120,2,62,2025-05-17,Completed
121,6,62,2026-05-23,In Progress
122,2,63,2025-05-07,Completed
123,7,63,2024-06-03,In Progress
124,13,63,2025-08-07,Completed
125,1,63,2023-11-05,Completed
126,11,64,2025-09-10,Completed
127,15,67,2026-01-10,Completed
128,2,69,2025-09-21,In Progress
129,9,69,2025-06-09,In Progress
130,7,69,2024-12-31,Completed
131,13,69,2023-09-12,No-show
132,4,71,2024-07-12,In Progress
133,9,71,2026-04-15,In Progress
134,5,72,2026-04-20,In Progress
135,14,72,2025-12-07,Completed
136,11,73,2024-03-04,Completed
137,3,73,2024-08-07,Completed
138,7,73,2026-04-24,Completed
139,2,74,2025-06-23,Completed
140,14,75,2025-09-04,Completed
141,1,75,2024-04-01,Completed
142,12,75,2025-02-25,Completed
143,7,75,2024-11-30,Completed
144,14,77,2024-04-08,Completed
145,7,78,2025-07-22,In Progress
146,3,79,2025-02-08,Completed
147,12,81,2026-06-29,No-show
148,5,82,2025-03-26,Completed
149,4,82,2026-01-02,Completed
150,10,82,2024-07-19,Completed
151,6,84,2025-04-29,Completed
152,10,84,2025-08-05,Completed
153,2,84,2024-12-21,Completed
154,7,84,2025-04-03,In Progress
155,3,85,2025-03-15,In Progress
156,12,85,2024-09-01,Completed
157,2,85,2025-03-22,Completed
158,11,85,2023-11-04,Completed
159,2,87,2026-03-27,Completed
160,6,87,2026-05-10,Completed
161,5,87,2026-05-19,Completed
162,9,88,2025-11-02,In Progress
163,14,88,2025-06-02,In Progress
164,5,88,2025-01-17,Completed
165,4,89,2025-01-14,Completed
166,13,90,2024-07-17,Completed
167,8,90,2024-07-06,Completed
168,12,92,2026-06-09,Completed
169,15,92,2024-10-05,In Progress
170,14,92,2024-12-19,Completed
171,1,92,2024-08-24,Completed
172,10,97,2025-07-11,Completed
173,5,97,2024-06-13,Completed
174,13,99,2024-11-02,Completed
175,1,100,2026-01-06,Completed
176,12,100,2026-06-28,Completed
177,10,100,2026-06-25,Completed
178,9,100,2026-05-02,Completed
179,2,104,2026-03-02,Completed
180,15,105,2024-11-19,Completed
181,11,105,2024-09-06,Completed
182,10,108,2026-04-22,Completed
183,8,108,2026-05-29,No-show
184,11,108,2025-10-24,In Progress
185,2,109,2026-03-29,Completed
186,8,109,2023-10-06,Completed
187,9,109,2025-09-28,In Progress
188,2,110,2023-09-25,Completed
189,5,110,2024-08-30,Completed
190,14,110,2025-09-19,Completed
191,4,111,2024-09-21,Completed
192,9,112,2024-06-26,Completed
193,15,113,2024-05-19,No-show
194,7,113,2023-10-11,In Progress
195,10,114,2025-01-09,Completed
196,11,114,2023-09-09,In Progress
197,14,114,2025-12-29,Completed
198,15,114,2026-03-16,Completed
199,3,115,2024-08-29,Completed
200,14,115,2023-09-09,No-show
201,14,116,2025-05-28,In Progress
202,13,116,2025-08-08,In Progress
203,11,116,2026-02-11,In Progress
204,15,116,2026-01-06,Completed
205,11,118,2024-01-15,Completed
206,12,120,2024-02-14,Completed
207,9,120,2026-06-25,Completed
208,6,120,2025-05-11,Completed
209,13,120,2024-11-12,Completed
210,8,122,2025-07-25,Completed
211,7,123,2025-10-08,Completed
212,10,123,2025-10-03,Completed
213,15,123,2025-01-25,In Progress
214,9,125,2025-10-13,Completed
215,8,126,2025-03-27,Completed
216,8,127,2025-01-30,Completed
217,10,128,2025-06-30,Completed
218,15,129,2026-06-18,Completed
219,14,130,2026-06-02,Completed
220,1,130,2023-12-26,In Progress
221,15,130,2025-07-25,Completed
222,12,131,2025-12-06,Completed
223,11,131,2025-08-27,Completed
224,6,131,2026-04-04,Completed
225,14,133,2026-05-12,Completed
226,3,133,2026-05-12,Completed
227,12,137,2026-01-08,Completed
228,14,137,2025-10-13,Completed
229,15,137,2025-02-12,In Progress
230,8,137,2025-05-12,Completed
231,12,138,2025-09-26,Completed
232,15,138,2023-11-26,Completed
233,1,138,2024-01-19,Completed
234,9,138,2026-01-27,In Progress
235,5,140,2026-02-21,Completed
236,10,142,2024-08-02,Completed
237,9,142,2026-02-10,Completed
238,14,142,2025-10-10,Completed
239,5,142,2025-09-17,Completed
240,6,143,2025-04-29,Completed
241,14,143,2025-08-21,Completed
242,8,144,2024-07-13,In Progress
243,15,146,2026-06-26,Completed
244,6,147,2023-10-20,In Progress
245,10,147,2025-04-15,In Progress
246,15,147,2025-06-06,Completed
247,4,147,2025-10-20,No-show
248,6,148,2026-03-27,Completed
249,1,148,2026-05-18,Completed
250,3,149,2025-04-28,Completed
251,2,149,2025-07-16,In Progress
252,4,151,2026-06-06,Completed
253,10,151,2025-03-28,Completed
254,12,151,2024-01-24,Completed
255,4,154,2025-02-18,Completed
256,14,154,2026-06-15,In Progress
257,8,155,2023-12-29,Completed
258,3,155,2025-12-07,In Progress
259,11,155,2026-06-25,Completed
260,14,156,2024-07-21,Completed
261,9,156,2025-07-28,No-show
262,8,156,2024-10-22,Completed
263,3,157,2025-10-28,Completed
264,6,157,2024-10-22,Completed
265,9,158,2024-10-28,Completed
266,5,158,2026-06-21,Completed
267,5,159,2026-01-27,Completed
268,13,159,2025-06-11,Completed
269,12,159,2026-06-14,Completed
270,5,160,2023-09-29,Completed
271,12,161,2023-11-19,Completed
272,1,161,2024-12-05,Completed
273,3,161,2024-10-03,No-show
274,14,162,2026-03-16,Completed
275,13,162,2025-06-22,In Progress
276,2,164,2025-02-10,No-show
277,1,164,2024-11-28,No-show
278,13,164,2026-01-29,Completed
279,6,164,2024-12-06,Completed
280,8,165,2024-06-06,Completed
281,5,165,2023-08-19,No-show
282,9,165,2023-08-18,Completed
283,11,166,2026-03-18,Completed
284,5,166,2024-01-15,Completed
285,15,166,2024-11-30,Completed
286,9,168,2023-08-12,Completed
287,11,170,2025-09-28,Completed
288,8,170,2026-05-28,Completed
289,4,174,2026-05-14,Completed
290,12,176,2025-03-15,In Progress
291,6,176,2025-11-27,Completed
292,3,177,2026-05-15,Completed
293,3,178,2026-03-13,Completed
294,12,178,2026-02-03,Completed
295,10,178,2026-02-15,Completed
296,7,178,2026-06-11,Completed
297,14,179,2025-05-12,Completed
298,8,179,2024-01-17,No-show
299,4,179,2025-03-03,In Progress
300,8,182,2023-12-05,In Progress
301,13,182,2026-05-12,Completed
302,14,182,2025-08-31,No-show
303,2,182,2025-08-01,Completed
304,8,183,2024-01-28,Completed
305,5,183,2025-03-15,Completed
306,10,183,2025-07-06,Completed
307,6,186,2026-03-01,Completed
308,13,186,2025-03-12,Completed
309,10,186,2025-04-08,Completed
310,7,186,2025-11-26,Completed
311,9,187,2023-09-07,Completed
312,7,187,2026-06-20,Completed
313,14,187,2026-02-14,Completed
314,1,188,2023-12-18,No-show
315,5,188,2024-02-04,Completed
316,14,189,2025-02-09,Completed
317,11,193,2024-03-07,Completed
318,15,193,2025-11-05,Completed
319,12,193,2024-09-17,Completed
320,2,193,2025-08-25,Completed
321,5,194,2024-03-29,Completed
322,7,194,2024-12-29,No-show
323,12,194,2024-02-27,Completed
324,12,196,2023-07-17,Completed
325,9,196,2026-04-23,Completed
326,2,196,2024-11-22,Completed
327,11,196,2025-11-16,Completed
328,8,197,2025-05-24,Completed
329,4,197,2024-05-30,In Progress
330,10,197,2024-09-03,Completed
331,11,197,2025-08-28,In Progress
332,11,199,2024-10-24,Completed
333,1,200,2026-06-20,Completed
334,14,200,2025-04-22,Completed
335,4,200,2026-03-29,Completed
336,2,200,2026-04-07,Completed
